25.02.2020 12:11;5520;
25.02.2020 12:11;348;
25.02.2020 12:11;38894;
25.02.2020 12:11;319092;
25.02.2020 12:11;114648;
25.02.2020 12:11;161419;
25.02.2020 12:11;34503;
25.02.2020 12:11;15423;
25.02.2020 12:11;86267;
25.02.2020 12:11;26418;
25.02.2020 12:11;22599;
25.02.2020 12:11;24429;
25.02.2020 12:11;27915;
25.02.2020 12:11;69335;
25.02.2020 12:11;37297;
25.02.2020 12:11;21387;
25.02.2020 12:11;14700;
25.02.2020 12:11;6488;
25.02.2020 12:11;11395;
25.02.2020 12:11;5917;
25.02.2020 12:11;5218;
25.02.2020 12:11;120640;
25.02.2020 12:11;7249;
25.02.2020 12:11;14535;
25.02.2020 12:11;22223;
25.02.2020 12:11;15627;
25.02.2020 12:11;2740;
25.02.2020 12:11;3731;
25.02.2020 12:11;624;
25.02.2020 12:11;32500;
25.02.2020 12:11;33876;
25.02.2020 12:11;2158;
25.02.2020 12:11;2147;
25.02.2020 12:11;60187;
25.02.2020 12:12;810;
25.02.2020 12:12;248;
25.02.2020 12:12;602;
25.02.2020 12:12;7380;
25.02.2020 12:12;26343;
25.02.2020 12:12;40076;
25.02.2020 12:12;46353;
25.02.2020 12:12;24533;
25.02.2020 12:12;254;
25.02.2020 12:12;23531;
25.02.2020 12:12;5358;
25.02.2020 12:12;127309;
25.02.2020 12:12;2959;
25.02.2020 12:12;232;
25.02.2020 12:12;11816;
25.02.2020 12:12;46797;
25.02.2020 12:12;2572;
25.02.2020 12:12;6743;
25.02.2020 12:12;7831;
25.02.2020 12:12;8118;
25.02.2020 12:12;1390;
25.02.2020 12:13;2309;
25.02.2020 12:13;833;
25.02.2020 12:13;1832;
25.02.2020 12:13;260;
25.02.2020 12:13;1449;
25.02.2020 12:13;17073;
25.02.2020 12:13;602;
25.02.2020 12:13;4613;
25.02.2020 12:13;15964;
25.02.2020 12:13;22661;
25.02.2020 12:13;3296;
25.02.2020 12:13;2718;
25.02.2020 12:13;38370;
25.02.2020 12:13;68021;
25.02.2020 12:14;5779;
25.02.2020 12:14;78210;
25.02.2020 12:14;8823;
25.02.2020 12:14;655;
25.02.2020 12:14;41895;
25.02.2020 12:14;7945;
25.02.2020 12:14;33128;
25.02.2020 12:14;4534;
25.02.2020 12:14;3007;
25.02.2020 12:14;15539;
25.02.2020 12:14;650;
25.02.2020 12:14;77918;
25.02.2020 12:14;4124;
25.02.2020 12:14;16090;
25.02.2020 12:14;4285;
25.02.2020 12:14;6950;
25.02.2020 12:14;11916;
25.02.2020 12:14;8111;
25.02.2020 12:14;6205;
25.02.2020 12:14;5625;
25.02.2020 12:15;7940;
25.02.2020 12:15;3575;
25.02.2020 12:15;2623;
25.02.2020 12:15;4393;
25.02.2020 12:15;66169;
25.02.2020 12:15;4934;
25.02.2020 12:15;44363;
25.02.2020 12:15;72988;
25.02.2020 12:15;5345;
25.02.2020 12:15;8541;
25.02.2020 12:15;10934;
25.02.2020 12:15;11924;
25.02.2020 12:15;3327;
25.02.2020 12:15;4213;
25.02.2020 12:15;636;
25.02.2020 12:15;25466;
25.02.2020 12:15;76016;
25.02.2020 12:15;3219;
25.02.2020 12:15;1729;
25.02.2020 12:15;16513;
25.02.2020 12:15;1036;
25.02.2020 12:16;6844;
25.02.2020 12:16;3874;
25.02.2020 12:16;618;
25.02.2020 12:16;8796;
25.02.2020 12:16;4573;
25.02.2020 12:16;2470;
25.02.2020 12:16;18548;
25.02.2020 12:16;11917;
25.02.2020 12:17;4089;
25.02.2020 12:17;18894;
25.02.2020 12:17;20921;
25.02.2020 12:17;45976;
25.02.2020 12:17;13739;
25.02.2020 12:17;12657;
25.02.2020 12:17;26800;
25.02.2020 12:17;1462;
25.02.2020 12:17;7251;
25.02.2020 12:17;8114;
25.02.2020 12:17;11953;
25.02.2020 12:17;33209;
25.02.2020 12:17;14470;
25.02.2020 12:17;11495;
25.02.2020 12:17;6686;
25.02.2020 12:17;16164;
25.02.2020 12:18;62123;
25.02.2020 12:18;16111;
25.02.2020 12:18;4273;
25.02.2020 12:18;2608;
25.02.2020 12:18;634;
25.02.2020 12:18;48149;
25.02.2020 12:18;9635;
25.02.2020 12:18;11212;
25.02.2020 12:18;811;
25.02.2020 12:19;9887;
25.02.2020 12:19;1462;
25.02.2020 12:19;29082;
25.02.2020 12:19;4816;
25.02.2020 12:19;34082;
25.02.2020 12:19;23225;
25.02.2020 12:19;12530;
25.02.2020 12:19;15710;
25.02.2020 12:20;24844;
25.02.2020 12:20;29825;
25.02.2020 12:20;8607;
25.02.2020 12:20;28652;
25.02.2020 12:20;20225;
25.02.2020 12:20;14714;
25.02.2020 12:20;7390;
25.02.2020 12:20;11100;
25.02.2020 12:20;1180;
25.02.2020 12:20;4227;
25.02.2020 12:21;2754;
25.02.2020 12:21;5013;
25.02.2020 12:21;7112;
25.02.2020 12:21;1522;
25.02.2020 12:21;2860;
25.02.2020 12:21;113316;
25.02.2020 12:21;19017;
25.02.2020 12:21;9259;
25.02.2020 12:21;1108;
25.02.2020 12:21;5785;
25.02.2020 12:22;7375;
25.02.2020 12:22;10228;
25.02.2020 12:22;4728;
25.02.2020 12:22;232;
25.02.2020 12:22;224;
25.02.2020 12:23;1809;
25.02.2020 12:23;2262;
25.02.2020 12:23;4256;
25.02.2020 12:24;1254;
25.02.2020 12:24;9573;
25.02.2020 12:24;7249;
25.02.2020 12:24;5325;
25.02.2020 12:24;14481;
25.02.2020 12:24;78129;
25.02.2020 12:24;2260;
25.02.2020 12:24;1627;
25.02.2020 12:24;6860;
25.02.2020 12:24;4206;
25.02.2020 12:24;6684;
25.02.2020 12:24;3616;
25.02.2020 12:24;1406;
25.02.2020 12:24;27309;
25.02.2020 12:24;4782;
25.02.2020 12:24;12846;
25.02.2020 12:24;4387;
25.02.2020 12:24;9397;
25.02.2020 12:25;11501;
25.02.2020 12:25;8179;
25.02.2020 12:25;8465;
25.02.2020 12:25;8934;
25.02.2020 12:25;8571;
25.02.2020 12:26;619;
25.02.2020 12:26;12471;
25.02.2020 12:26;9490;
25.02.2020 12:26;5837;
25.02.2020 12:26;6296;
25.02.2020 12:26;1645;
25.02.2020 12:26;91349;
25.02.2020 12:26;1222;
25.02.2020 12:26;8645;
25.02.2020 12:26;18485;
25.02.2020 12:26;9433;
25.02.2020 12:27;2035;
25.02.2020 12:27;5371;
25.02.2020 12:27;1696;
25.02.2020 12:27;4344;
25.02.2020 12:27;2698;
25.02.2020 12:27;1570;
25.02.2020 12:28;344;
25.02.2020 12:28;618;
25.02.2020 12:28;18516;
25.02.2020 12:28;2516;
25.02.2020 12:28;68770;
25.02.2020 12:28;39897;
25.02.2020 12:28;7447;
25.02.2020 12:28;4847;
25.02.2020 12:29;7836;
25.02.2020 12:29;10488;
25.02.2020 12:29;868;
;;
;;
;;
